
{
    "region" : "us-east-1",
    "profile" : "Burner",
    "configuration" : "Release",
    "image-tag"     : "gadgetsonline:latest",
    "docker-build-working-dir" : "",
    "cluster"                  : "GatgetsOnline",
    "launch-type"              : "FARGATE",
    "launch-subnets"           : "subnet-0acca097ed5e0c09e,subnet-0d5cf89dc0fc1a1ca",
    "launch-security-groups"   : "sg-0895e41c8384ea8ea",
    "assign-public-ip"         : true,
    "task-definition-name"     : "GadgetsOnline",
    "task-cpu"                 : "1024",
    "task-memory"              : "2048",
    "platform-version"         : "LATEST",
    "task-definition-task-role" : "arn:aws:iam::549115341528:role/ecsTaskExecutionRole",
    "task-execution-role"       : "ecsTaskExecutionRole",
    "container-name"            : "GadgetsOnline",
    "container-port-mapping"    : "80:80",
    "container-environment-variables" : "\"ASPNETCORE_ENVIRONMENT\"=\"Production\"",
    "skip-image-push"                 : false,
    "cluster-service"                 : "GatgetsOnline/GadgetsOnline",
    "desired-count"                   : 1,
    "deployment-minimum-healthy-percent" : 50,
    "deployment-maximum-percent"         : 200,
    "elb-target-group"                   : "arn:aws:elasticloadbalancing:us-east-1:631034403966:targetgroup/GadgetsOnline/5d9f0071b3845c40",
    "elb-container-port"                 : 80,
    "vstoolkit-deployment-mode"          : "DeployService"
}