{"ContentRoots":["C:\\Users\\runeetv\\Downloads\\gadgetsonline-legacy-gadgetsonline-ported-net6\\GadgetsOnline\\wwwroot\\"],"Root":{"Children":{"Content":{"Children":{"bootstrap-grid.css":{"Children":null,"Asset":{"ContentRootIndex":0,"SubPath":"Content/bootstrap-grid.css"},"Patterns":null},"bootstrap-grid.css.map":{"Children":null,"Asset":{"ContentRootIndex":0,"SubPath":"Content/bootstrap-grid.css.map"},"Patterns":null},"bootstrap-grid.min.css":{"Children":null,"Asset":{"ContentRootIndex":0,"SubPath":"Content/bootstrap-grid.min.css"},"Patterns":null},"bootstrap-grid.min.css.map":{"Children":null,"Asset":{"ContentRootIndex":0,"SubPath":"Content/bootstrap-grid.min.css.map"},"Patterns":null},"bootstrap-grid.rtl.css":{"Children":null,"Asset":{"ContentRootIndex":0,"SubPath":"Content/bootstrap-grid.rtl.css"},"Patterns":null},"bootstrap-grid.rtl.css.map":{"Children":null,"Asset":{"ContentRootIndex":0,"SubPath":"Content/bootstrap-grid.rtl.css.map"},"Patterns":null},"bootstrap-grid.rtl.min.css":{"Children":null,"Asset":{"ContentRootIndex":0,"SubPath":"Content/bootstrap-grid.rtl.min.css"},"Patterns":null},"bootstrap-grid.rtl.min.css.map":{"Children":null,"Asset":{"ContentRootIndex":0,"SubPath":"Content/bootstrap-grid.rtl.min.css.map"},"Patterns":null},"bootstrap-reboot.css":{"Children":null,"Asset":{"ContentRootIndex":0,"SubPath":"Content/bootstrap-reboot.css"},"Patterns":null},"bootstrap-reboot.css.map":{"Children":null,"Asset":{"ContentRootIndex":0,"SubPath":"Content/bootstrap-reboot.css.map"},"Patterns":null},"bootstrap-reboot.min.css":{"Children":null,"Asset":{"ContentRootIndex":0,"SubPath":"Content/bootstrap-reboot.min.css"},"Patterns":null},"bootstrap-reboot.min.css.map":{"Children":null,"Asset":{"ContentRootIndex":0,"SubPath":"Content/bootstrap-reboot.min.css.map"},"Patterns":null},"bootstrap-reboot.rtl.css":{"Children":null,"Asset":{"ContentRootIndex":0,"SubPath":"Content/bootstrap-reboot.rtl.css"},"Patterns":null},"bootstrap-reboot.rtl.css.map":{"Children":null,"Asset":{"ContentRootIndex":0,"SubPath":"Content/bootstrap-reboot.rtl.css.map"},"Patterns":null},"bootstrap-reboot.rtl.min.css":{"Children":null,"Asset":{"ContentRootIndex":0,"SubPath":"Content/bootstrap-reboot.rtl.min.css"},"Patterns":null},"bootstrap-reboot.rtl.min.css.map":{"Children":null,"Asset":{"ContentRootIndex":0,"SubPath":"Content/bootstrap-reboot.rtl.min.css.map"},"Patterns":null},"bootstrap-utilities.css":{"Children":null,"Asset":{"ContentRootIndex":0,"SubPath":"Content/bootstrap-utilities.css"},"Patterns":null},"bootstrap-utilities.css.map":{"Children":null,"Asset":{"ContentRootIndex":0,"SubPath":"Content/bootstrap-utilities.css.map"},"Patterns":null},"bootstrap-utilities.min.css":{"Children":null,"Asset":{"ContentRootIndex":0,"SubPath":"Content/bootstrap-utilities.min.css"},"Patterns":null},"bootstrap-utilities.min.css.map":{"Children":null,"Asset":{"ContentRootIndex":0,"SubPath":"Content/bootstrap-utilities.min.css.map"},"Patterns":null},"bootstrap-utilities.rtl.css":{"Children":null,"Asset":{"ContentRootIndex":0,"SubPath":"Content/bootstrap-utilities.rtl.css"},"Patterns":null},"bootstrap-utilities.rtl.css.map":{"Children":null,"Asset":{"ContentRootIndex":0,"SubPath":"Content/bootstrap-utilities.rtl.css.map"},"Patterns":null},"bootstrap-utilities.rtl.min.css":{"Children":null,"Asset":{"ContentRootIndex":0,"SubPath":"Content/bootstrap-utilities.rtl.min.css"},"Patterns":null},"bootstrap-utilities.rtl.min.css.map":{"Children":null,"Asset":{"ContentRootIndex":0,"SubPath":"Content/bootstrap-utilities.rtl.min.css.map"},"Patterns":null},"bootstrap.css":{"Children":null,"Asset":{"ContentRootIndex":0,"SubPath":"Content/bootstrap.css"},"Patterns":null},"bootstrap.css.map":{"Children":null,"Asset":{"ContentRootIndex":0,"SubPath":"Content/bootstrap.css.map"},"Patterns":null},"bootstrap.min.css":{"Children":null,"Asset":{"ContentRootIndex":0,"SubPath":"Content/bootstrap.min.css"},"Patterns":null},"bootstrap.min.css.map":{"Children":null,"Asset":{"ContentRootIndex":0,"SubPath":"Content/bootstrap.min.css.map"},"Patterns":null},"bootstrap.rtl.css":{"Children":null,"Asset":{"ContentRootIndex":0,"SubPath":"Content/bootstrap.rtl.css"},"Patterns":null},"bootstrap.rtl.css.map":{"Children":null,"Asset":{"ContentRootIndex":0,"SubPath":"Content/bootstrap.rtl.css.map"},"Patterns":null},"bootstrap.rtl.min.css":{"Children":null,"Asset":{"ContentRootIndex":0,"SubPath":"Content/bootstrap.rtl.min.css"},"Patterns":null},"bootstrap.rtl.min.css.map":{"Children":null,"Asset":{"ContentRootIndex":0,"SubPath":"Content/bootstrap.rtl.min.css.map"},"Patterns":null},"Images":{"Children":{"AdobeStock_224880717.jpeg":{"Children":null,"Asset":{"ContentRootIndex":0,"SubPath":"Content/Images/AdobeStock_224880717.jpeg"},"Patterns":null},"Headphones":{"Children":{"1.png":{"Children":null,"Asset":{"ContentRootIndex":0,"SubPath":"Content/Images/Headphones/1.png"},"Patterns":null},"2.png":{"Children":null,"Asset":{"ContentRootIndex":0,"SubPath":"Content/Images/Headphones/2.png"},"Patterns":null}},"Asset":null,"Patterns":null},"home-showcase.png":{"Children":null,"Asset":{"ContentRootIndex":0,"SubPath":"Content/Images/home-showcase.png"},"Patterns":null},"Laptop":{"Children":{"1.jpg":{"Children":null,"Asset":{"ContentRootIndex":0,"SubPath":"Content/Images/Laptop/1.jpg"},"Patterns":null},"2.jpg":{"Children":null,"Asset":{"ContentRootIndex":0,"SubPath":"Content/Images/Laptop/2.jpg"},"Patterns":null},"3.jpg":{"Children":null,"Asset":{"ContentRootIndex":0,"SubPath":"Content/Images/Laptop/3.jpg"},"Patterns":null}},"Asset":null,"Patterns":null},"logo.png":{"Children":null,"Asset":{"ContentRootIndex":0,"SubPath":"Content/Images/logo.png"},"Patterns":null},"Mobile":{"Children":{"1.jpg":{"Children":null,"Asset":{"ContentRootIndex":0,"SubPath":"Content/Images/Mobile/1.jpg"},"Patterns":null},"1.png":{"Children":null,"Asset":{"ContentRootIndex":0,"SubPath":"Content/Images/Mobile/1.png"},"Patterns":null},"2.jpg":{"Children":null,"Asset":{"ContentRootIndex":0,"SubPath":"Content/Images/Mobile/2.jpg"},"Patterns":null},"3.jpg":{"Children":null,"Asset":{"ContentRootIndex":0,"SubPath":"Content/Images/Mobile/3.jpg"},"Patterns":null},"Untitled.png":{"Children":null,"Asset":{"ContentRootIndex":0,"SubPath":"Content/Images/Mobile/Untitled.png"},"Patterns":null}},"Asset":null,"Patterns":null},"placeholder.gif":{"Children":null,"Asset":{"ContentRootIndex":0,"SubPath":"Content/Images/placeholder.gif"},"Patterns":null}},"Asset":null,"Patterns":null},"Site.css":{"Children":null,"Asset":{"ContentRootIndex":0,"SubPath":"Content/Site.css"},"Patterns":null},"themes":{"Children":{"base":{"Children":{"accordion.css":{"Children":null,"Asset":{"ContentRootIndex":0,"SubPath":"Content/themes/base/accordion.css"},"Patterns":null},"all.css":{"Children":null,"Asset":{"ContentRootIndex":0,"SubPath":"Content/themes/base/all.css"},"Patterns":null},"autocomplete.css":{"Children":null,"Asset":{"ContentRootIndex":0,"SubPath":"Content/themes/base/autocomplete.css"},"Patterns":null},"base.css":{"Children":null,"Asset":{"ContentRootIndex":0,"SubPath":"Content/themes/base/base.css"},"Patterns":null},"button.css":{"Children":null,"Asset":{"ContentRootIndex":0,"SubPath":"Content/themes/base/button.css"},"Patterns":null},"core.css":{"Children":null,"Asset":{"ContentRootIndex":0,"SubPath":"Content/themes/base/core.css"},"Patterns":null},"datepicker.css":{"Children":null,"Asset":{"ContentRootIndex":0,"SubPath":"Content/themes/base/datepicker.css"},"Patterns":null},"dialog.css":{"Children":null,"Asset":{"ContentRootIndex":0,"SubPath":"Content/themes/base/dialog.css"},"Patterns":null},"draggable.css":{"Children":null,"Asset":{"ContentRootIndex":0,"SubPath":"Content/themes/base/draggable.css"},"Patterns":null},"images":{"Children":{"ui-bg_flat_0_aaaaaa_40x100.png":{"Children":null,"Asset":{"ContentRootIndex":0,"SubPath":"Content/themes/base/images/ui-bg_flat_0_aaaaaa_40x100.png"},"Patterns":null},"ui-bg_flat_75_ffffff_40x100.png":{"Children":null,"Asset":{"ContentRootIndex":0,"SubPath":"Content/themes/base/images/ui-bg_flat_75_ffffff_40x100.png"},"Patterns":null},"ui-bg_glass_55_fbf9ee_1x400.png":{"Children":null,"Asset":{"ContentRootIndex":0,"SubPath":"Content/themes/base/images/ui-bg_glass_55_fbf9ee_1x400.png"},"Patterns":null},"ui-bg_glass_65_ffffff_1x400.png":{"Children":null,"Asset":{"ContentRootIndex":0,"SubPath":"Content/themes/base/images/ui-bg_glass_65_ffffff_1x400.png"},"Patterns":null},"ui-bg_glass_75_dadada_1x400.png":{"Children":null,"Asset":{"ContentRootIndex":0,"SubPath":"Content/themes/base/images/ui-bg_glass_75_dadada_1x400.png"},"Patterns":null},"ui-bg_glass_75_e6e6e6_1x400.png":{"Children":null,"Asset":{"ContentRootIndex":0,"SubPath":"Content/themes/base/images/ui-bg_glass_75_e6e6e6_1x400.png"},"Patterns":null},"ui-bg_glass_95_fef1ec_1x400.png":{"Children":null,"Asset":{"ContentRootIndex":0,"SubPath":"Content/themes/base/images/ui-bg_glass_95_fef1ec_1x400.png"},"Patterns":null},"ui-bg_highlight-soft_75_cccccc_1x100.png":{"Children":null,"Asset":{"ContentRootIndex":0,"SubPath":"Content/themes/base/images/ui-bg_highlight-soft_75_cccccc_1x100.png"},"Patterns":null},"ui-icons_222222_256x240.png":{"Children":null,"Asset":{"ContentRootIndex":0,"SubPath":"Content/themes/base/images/ui-icons_222222_256x240.png"},"Patterns":null},"ui-icons_2e83ff_256x240.png":{"Children":null,"Asset":{"ContentRootIndex":0,"SubPath":"Content/themes/base/images/ui-icons_2e83ff_256x240.png"},"Patterns":null},"ui-icons_454545_256x240.png":{"Children":null,"Asset":{"ContentRootIndex":0,"SubPath":"Content/themes/base/images/ui-icons_454545_256x240.png"},"Patterns":null},"ui-icons_888888_256x240.png":{"Children":null,"Asset":{"ContentRootIndex":0,"SubPath":"Content/themes/base/images/ui-icons_888888_256x240.png"},"Patterns":null},"ui-icons_cd0a0a_256x240.png":{"Children":null,"Asset":{"ContentRootIndex":0,"SubPath":"Content/themes/base/images/ui-icons_cd0a0a_256x240.png"},"Patterns":null}},"Asset":null,"Patterns":null},"menu.css":{"Children":null,"Asset":{"ContentRootIndex":0,"SubPath":"Content/themes/base/menu.css"},"Patterns":null},"progressbar.css":{"Children":null,"Asset":{"ContentRootIndex":0,"SubPath":"Content/themes/base/progressbar.css"},"Patterns":null},"resizable.css":{"Children":null,"Asset":{"ContentRootIndex":0,"SubPath":"Content/themes/base/resizable.css"},"Patterns":null},"selectable.css":{"Children":null,"Asset":{"ContentRootIndex":0,"SubPath":"Content/themes/base/selectable.css"},"Patterns":null},"selectmenu.css":{"Children":null,"Asset":{"ContentRootIndex":0,"SubPath":"Content/themes/base/selectmenu.css"},"Patterns":null},"slider.css":{"Children":null,"Asset":{"ContentRootIndex":0,"SubPath":"Content/themes/base/slider.css"},"Patterns":null},"sortable.css":{"Children":null,"Asset":{"ContentRootIndex":0,"SubPath":"Content/themes/base/sortable.css"},"Patterns":null},"spinner.css":{"Children":null,"Asset":{"ContentRootIndex":0,"SubPath":"Content/themes/base/spinner.css"},"Patterns":null},"tabs.css":{"Children":null,"Asset":{"ContentRootIndex":0,"SubPath":"Content/themes/base/tabs.css"},"Patterns":null},"theme.css":{"Children":null,"Asset":{"ContentRootIndex":0,"SubPath":"Content/themes/base/theme.css"},"Patterns":null},"tooltip.css":{"Children":null,"Asset":{"ContentRootIndex":0,"SubPath":"Content/themes/base/tooltip.css"},"Patterns":null}},"Asset":null,"Patterns":null}},"Asset":null,"Patterns":null}},"Asset":null,"Patterns":null},"Scripts":{"Children":{"bootstrap.bundle.js":{"Children":null,"Asset":{"ContentRootIndex":0,"SubPath":"Scripts/bootstrap.bundle.js"},"Patterns":null},"bootstrap.bundle.js.map":{"Children":null,"Asset":{"ContentRootIndex":0,"SubPath":"Scripts/bootstrap.bundle.js.map"},"Patterns":null},"bootstrap.bundle.min.js":{"Children":null,"Asset":{"ContentRootIndex":0,"SubPath":"Scripts/bootstrap.bundle.min.js"},"Patterns":null},"bootstrap.bundle.min.js.map":{"Children":null,"Asset":{"ContentRootIndex":0,"SubPath":"Scripts/bootstrap.bundle.min.js.map"},"Patterns":null},"bootstrap.esm.js":{"Children":null,"Asset":{"ContentRootIndex":0,"SubPath":"Scripts/bootstrap.esm.js"},"Patterns":null},"bootstrap.esm.js.map":{"Children":null,"Asset":{"ContentRootIndex":0,"SubPath":"Scripts/bootstrap.esm.js.map"},"Patterns":null},"bootstrap.esm.min.js":{"Children":null,"Asset":{"ContentRootIndex":0,"SubPath":"Scripts/bootstrap.esm.min.js"},"Patterns":null},"bootstrap.esm.min.js.map":{"Children":null,"Asset":{"ContentRootIndex":0,"SubPath":"Scripts/bootstrap.esm.min.js.map"},"Patterns":null},"bootstrap.js":{"Children":null,"Asset":{"ContentRootIndex":0,"SubPath":"Scripts/bootstrap.js"},"Patterns":null},"bootstrap.js.map":{"Children":null,"Asset":{"ContentRootIndex":0,"SubPath":"Scripts/bootstrap.js.map"},"Patterns":null},"bootstrap.min.js":{"Children":null,"Asset":{"ContentRootIndex":0,"SubPath":"Scripts/bootstrap.min.js"},"Patterns":null},"bootstrap.min.js.map":{"Children":null,"Asset":{"ContentRootIndex":0,"SubPath":"Scripts/bootstrap.min.js.map"},"Patterns":null},"jquery-3.4.1.intellisense.js":{"Children":null,"Asset":{"ContentRootIndex":0,"SubPath":"Scripts/jquery-3.4.1.intellisense.js"},"Patterns":null},"jquery-3.6.0.intellisense.js":{"Children":null,"Asset":{"ContentRootIndex":0,"SubPath":"Scripts/jquery-3.6.0.intellisense.js"},"Patterns":null},"jquery-3.6.0.js":{"Children":null,"Asset":{"ContentRootIndex":0,"SubPath":"Scripts/jquery-3.6.0.js"},"Patterns":null},"jquery-3.6.0.min.js":{"Children":null,"Asset":{"ContentRootIndex":0,"SubPath":"Scripts/jquery-3.6.0.min.js"},"Patterns":null},"jquery-3.6.0.min.map":{"Children":null,"Asset":{"ContentRootIndex":0,"SubPath":"Scripts/jquery-3.6.0.min.map"},"Patterns":null},"jquery-3.6.0.slim.js":{"Children":null,"Asset":{"ContentRootIndex":0,"SubPath":"Scripts/jquery-3.6.0.slim.js"},"Patterns":null},"jquery-3.6.0.slim.min.js":{"Children":null,"Asset":{"ContentRootIndex":0,"SubPath":"Scripts/jquery-3.6.0.slim.min.js"},"Patterns":null},"jquery-3.6.0.slim.min.map":{"Children":null,"Asset":{"ContentRootIndex":0,"SubPath":"Scripts/jquery-3.6.0.slim.min.map"},"Patterns":null},"jquery.validate-vsdoc.js":{"Children":null,"Asset":{"ContentRootIndex":0,"SubPath":"Scripts/jquery.validate-vsdoc.js"},"Patterns":null},"jquery.validate.js":{"Children":null,"Asset":{"ContentRootIndex":0,"SubPath":"Scripts/jquery.validate.js"},"Patterns":null},"jquery.validate.min.js":{"Children":null,"Asset":{"ContentRootIndex":0,"SubPath":"Scripts/jquery.validate.min.js"},"Patterns":null},"jquery.validate.unobtrusive.js":{"Children":null,"Asset":{"ContentRootIndex":0,"SubPath":"Scripts/jquery.validate.unobtrusive.js"},"Patterns":null},"jquery.validate.unobtrusive.min.js":{"Children":null,"Asset":{"ContentRootIndex":0,"SubPath":"Scripts/jquery.validate.unobtrusive.min.js"},"Patterns":null},"modernizr-2.8.3.js":{"Children":null,"Asset":{"ContentRootIndex":0,"SubPath":"Scripts/modernizr-2.8.3.js"},"Patterns":null}},"Asset":null,"Patterns":null}},"Asset":null,"Patterns":[{"ContentRootIndex":0,"Pattern":"**","Depth":0}]}}